date,title,text,rating
2022-07-02,Mengecewakan,"Udah coba berlangganan, status ga berubah saldo dana ttp kepotong",1
2022-12-25,Telkomsel,"Adain terus ya kerjasamanya sama telkomsel, apalagi kalo ada promo paket pake telkomsel poin",5
2020-11-21,Recommended,"Haraganya bisa dikatakan sangat murah, banyak film yg didub, dan lain-lain. And for the suggestion, UI-nya agak diperbaiki agar nyaman dan fleksibel saat dipakai dan perbanyak film/series di aplikasi terutama dari original seriesnya.",5
2020-12-25,Works great on Apple TV,"Perfect!
Sesuai janji kasih bintang 5 klo bisa di Apple TV and no ads.
Thank you.",5
2022-01-16,OTP trouble,i did not get OTP code or a call. i can enjoy disney hotstar only from website.,1
2022-06-03,Airplay,"I didnâ€™t press the button to connect to airplay but it keeps trying to do that!! Also please, you donâ€™t need to ask me about mature and sensitive warning and make me have to click Continue every episode!! So annoying",2
2022-07-15,Bug,I dont even get any verification code for multiple times,5
2022-08-20,Lama banget dapet nomor verifikasinya,Kayak titit,1
2020-09-06,Chromecast support,"Please make a support for chromecast so our family can watch in TV, this is not comfortable when we as family watching in smaller screen mobile devices",1
2022-11-28,Keren karena ada Criminal Minds Evolution,Thanks udah fasilitasi saya nntn Criminal Minds Evolution. Jaya jaya jaya utk Disney+hotstar,5
2022-12-14,Limit for download,Tolong jangan di kasih limit download dong,2
2022-08-12,donlotnya jelek,"pas donlot stuck di 0% naik ampe 1-2 % doang, kuota ud kesedot lebih dr 1gb, jelek",1
2022-01-22,"was logged out, canâ€™t login.",i cant login. I waited for the text message verification code and a phone but I didnâ€™t get any,1
2022-01-08,Download always error,Download always error if Iâ€™m using mobile internet,1
2022-12-30,Fck app,Gak update .. nyesal berlangganan,1
2022-02-11,Almost perfect,Cuma kurang dark mode aja sih,4
2020-09-06,Mengecewakan,"Gabisa screen mirroring, gabisa colok kabel hdmi, ga bisa ntn di TV / layar lebih gede. 

Sort this out lah, uda telat masuk indonya, masa fitur appnya culun gini.",1
2022-01-20,Error 01100,"It keeps showing error 01100 though I have upgraded my Iphone 7 to ios 15.2.1, reinstall the app and restart the device.. please fix it",2
2020-09-05,Apple TV?,Why no Apple TV app???,4
2020-11-03,Download,"Lucu..pas download ga boleh di close app nya hrus standby terus kalo ga donlod nya ngulang lagi..terus parah nya ud donlod ampe 98% tiba2 suruh retry lgi alias ngulang donlod..really ğŸ¤¨..
please fix in.. jangan bikin malu aja..sekelas Disney kok app nya kek app steraming abal2",1
2022-06-01,Good,Competitve price than net,5
2020-09-07,Fitur Airplay,"Gan,... fitur airplay dong di tambahkan.. biar mantull gan",3
2020-09-05,Film Mulan 2020 nya mana? Katanya 5 September,Tidak ada film Mulan,2
2020-10-03,Apple TV app cannot log in,Thanks for finally providing the Apple TV app but please fix the log-in. It gets stuck after the OTP entry.,1
2020-09-10,"Masa harus nonton dilayar kecil, konyol","Gabisa cast ke chromecast, apa2 an cb, pake cara lain jg gabisa, mirroring malah screen recorder detected, useless, nyesel langganan setahun",1
2020-09-07,Chromecast,Tolong ditambah Chromecast ya.,3
2022-08-25,Share,Pleaseee for disney hotstar can you make a feature for share to instagram story? Like netflix? is sooo gooddd to share a movie/series on our instagram story but there is a sugn like play on disney plus hotstar! Sorry for my english but i hope you understand me!!ğŸ˜¡,3
2020-09-17,"9,5/10",Bagusâ€ film nya tp kurang lengkap :â€™(,5
2022-01-27,cant recieve otp and call confirmation hang up the phone right away,"Hotstar? more like Hotscam, cant even access the damn thing cos it keeps cancelling itself out when i try to log in no otp no ones calling for giving me the code",1
2022-04-15,ribet,"mau perpanjang ribet, dpt OTP susah banget, pilihan pembayaran dikit",1
2020-09-04,No cast function yet,So I'm succeed in signing up disney+ indonesia in sept 4th!ğŸ‰tho little something's bothering me that is no casting feature from iphone to chromecast yet,3
2022-08-31,Salah paham,gw kira gratis,1
2022-07-10,Need to Fix Soon,"Menunggu kode verifikasi sangat begitu lama, tidak bisa langsung login, pengkategorian juga ambigu, mencari cartoon atau anime juga tidak terlalu banyak",1
2020-09-05,kapan tersedia di Apple TV?,Aplikasi ini belum tersedia di Apple tv,4
2020-09-09,Great app!,"I love this app, because it has a lot of content and has a great UI.",5
2022-04-15,please add spatial audio feature,please add spatial audio feature please add spatial audio feature please add spatial audio feature please add spatial audio feature please add spatial audio feature,5
2022-10-09,Good job,"Semoga bisa langganan terus, film nya bikin nagih. ğŸ˜Š",5
2022-11-01,Protes verify dana tidak berjalan lancar,"Tidak bisa verify dana, sudah beberapa jam nunggu gaada kode verify yang terkirim, padahal nomornya sudah benar, saya jadi tidak bisa berlangganan via dana, tolong segera di fiks, agar proses pembayaran berlangganan berjalan lancar.",2
2022-02-22,Out run by running man,Kok ga update lagiâ€¦ mana eps ya baru?,2
2022-10-27,Bad,Super jelek bgt di mi tv terjadi kesalahan mulu disney nya perbaikin lg dong!,1
2022-03-19,Komplain,"Kenapa bnyak film g bisa d tonton y, keterangannya kesalahan DRM (PL 1206)",2
2020-09-06,Canâ€™t cast to chromecast,"No option available to cast the movies to chromecast, why ?",4
2022-04-10,Hard to get OTP,Cant log in because very hard to get OTP,1
2020-10-27,RadhaKrishna season 2ğŸ™ğŸ»ğŸ™ğŸ»,Tambahkan seoson 2 serial RadhaKrishna plizzğŸ™ğŸ»,3
2022-06-13,Tidak bisa login,Kode otp tidak dikirimkan sangat lama,1
2020-09-07,Hanya satu ketidaklancaran,"Overall sudah cukup stabil, fitur download berjalan lancar hanya saja kirim SMS OTP tidak terkirim-kirim, yang berjalan lancar ketika request OTP via call",5
2020-09-30,Bad UI/UX,"After playing properly in my Xiaomi TV for weeks, the app suddenly asked me to log out & log in again. Funnily, when it asked me to log in from the website again, there is no option for my region. It was only for India...
When I asked the tech support, they kept asking  me if I use VPN, blah blah blah.... For goodness sake, the problem is in your website login, not on my device!!! ğŸ˜¡ğŸ˜¡ğŸ˜¡ğŸ˜¡

Seriously, learn from Netflixâ€™s UI/UX!",2
2020-09-13,Airplay option and AppleTV app,Please enable Airplay option and provide app for AppleTV. Also we need 4K / HDR contents. Weâ€™re stuck watching on small screens,5
2022-01-09,Age confirmation,Do I really need to confirm if Iâ€™m 20+ every time? Itâ€™s not a really great experience when watching a series,5
2020-12-02,miraculous,can we pleaseee have miraculous : tales of ladybug?? they have it on disney+ US..,5
2022-09-23,Urgent,Im subscribe 1 year. But now Iâ€™m canâ€™t loginâ€¦ what happens.. please help,5
2020-09-05,Belom bisa di chrome cast ke tv,Nanti kalo udah bisa chrome cast ke tv baru dikasih bintang 5,3
2022-02-24,Encanto,I wanna free not buy,1
2022-11-19,Cant log in when iâ€™m travelling to another country,Iâ€™ve subscribed to disney+ when I was in my home country and i am asked to subscribe again when i am at another country. I would prefer another app for watching movie just because of this policy then.,3
2020-11-28,Canâ€™t watch on TV using Apple Digital AV Adapter to HDMI,"Just wasted Rp. 199,000,- just to purchase a yearly subscription service without any chance to be able to watch it on my TV by using Apple Digital AV Adapter to HDMI. Watching on iPhone or iPad is tiring. What is the meaning of purchasing Disney+ service if itâ€™s canâ€™t be enjoyed by the whole family members on TV screen? It doesnâ€™t make sense! I want my money back.",1
2022-05-18,Bagus sekali,Banyak series dan movie yang bagus ditonton,5
2020-09-06,canâ€™t be cast to TV,"itâ€™s pathetic Disney has million good movies but can only watch in mobile phone and canâ€™t be cast to smart TV 

youâ€™re not supposed to limit the application like that. 
So dissapointed ! i already subscribed for 1 year.

your rate will be the best after you upgrade the capability your apps to be able to cast to smart TV",1
2020-10-11,Pleas input tv series,"Hello disney+hotstar, please read my review, i m so glad if you put the series The replacements on disney channel thankyou",5
2020-10-15,Iklan,Kebanyakan iklan bikin kesel,1
2020-09-05,Remove horrors please,"Hello, i think itâ€™s very inappropriate for disney+ to show indonesian and other horrific movies. If you choose to show scary movies, simply haunted mansion, halloween town movies, nightmare before Christmas, corpse bride, hocus pocus and other disney related halloween movies and shows. Please rethink and review the horror movies in disney+ hotstar. Also, there are a lot of disney movies and shows that are not in disney+ hotstar",2
2020-09-05,Belum bs connect pakai chromecast,Belum bs connect pakai chromecast,3
2022-03-13,Tidak bisa log in,"Buat log in pakai no hp tidak dapat kode otp, susah banget sampai harus pakai 3 no hp tetap tidak dapat kode otp",1
2020-11-06,Worst Movie Stream App,Unlimited bugs! Streams really slow while I donâ€™t have any issue with other similar. Downloading fails 9 out of 10. Interface really not user friendly. Often fails when i try to stream. Really poor app!!!,1
2022-08-09,Error Kode OTP,Kode otp ga dikirim2 woy ğŸ˜Œ,1
2020-09-17,Playback error,"Please fix this, iPadOs 13. Thanks:)",5
2022-12-01,Otp gk masuk,Otp aja gk masuk2 sia2 langganan! Anjing!,1
2020-09-27,kualitasny kurang bagus,kualitasny jelek bgt pdhl udh diganti  ama yg tinggi tp ttp jelek gmn sih,1
2020-10-02,Lag,Lag. My connection 100Mbps,1
2022-06-30,Ntn berbayar episode tidak lengkap,Ntn LEGEND OF HAOLAN kirain lengkap ternyata cmn Stgh nya aja dari jumlah 60 lebih episode cmn ada 30 pedahal film sudah lama,1
2020-09-09,Love it,"Easy to use and the UI awesome. But need improvement in screen mirroring, both on iphone or androids.",4
2022-05-25,Setiap waktu,ketika anda dalam keadaan dan situasi apapun mungkin butuh sesuatu utk menghibur atau hanya utk mengisi kekosongan waktu anda tidak perlu melamun dan bingung gunakan jempol cukup tekan Disney pilih mana yg sesuai dgn hati anda akan terhibur setiap waktu,5
2022-11-18,"Apps yang bikin bilang hah,,????","Sering log out out of nowhere, begitu login susah setengah mati!!! Mau login lagi nunggu kode verifikasinya lama bet lama. Hadehhh. Dulu sms susah bgt lah terus dapat tuh WA notifnya ga ada keren2nya banget dah, beli WA business kek yg pake badge, dapet WA notifikasi verifikasi ga ada foto, ga ada badge pula, YONI International Pte Ltd siape bos??? Kasih nama kek Disney Plus, kaga modal banget dah asli.",2
2020-09-05,Ada dubbing bahasa indonesianya,"Keren ini, terobosan baru, ada dubbing bahasa indonesia, jd lebih enak ditonton, joss",5
2022-06-28,No big screen for some and log in problem,"The collection of things to watch are growing, but the app still has issues, lots of complaints that the app doesnt allow you to share the screen to bigger devices, some of us still use not so smart tv and watch it the old ways with hdmi port to our beloved phone or ipad, and sadly the app doesnt allow that. And then there is the problem of keep logging out from my account, and when trying to log in the verification code just never arrived, please help us fix these, thanks",3
2020-09-05,Gabisa di chrome casting ya?,Ini ga bisa di chromecasting?,2
2022-10-18,Akun,Daftar pakai akun nomor hp tapi tidak ditemukan akunnya aneh banget!,2
2020-09-04,No cast options!!??,Seriously 2020 and I cant cast it to my TV????,4
2020-09-04,Suka Sekali,"Akhirnya ada pilihan Streaming Video baru kebetulan Netflix besok langganan-nya habis, apalagi ada film-filmnya Disney, Marvel, Fox, NatGeo dan lain-lain disini.
Mantaaappp ğŸ”¥",5
2022-01-13,Parental Code,"Saran min, tambahkan fitur parental code untuk konten dengan kategori 17+ karena â€œmode anakâ€ saja tidak cukup. Terlalu riskan bagi saya orang tua yang punya anak dibawah umur. Terima kasih",5
2020-10-09,Logged out endlessly,Subscribed for one year & being logged out everytime i watch. Very bad service,1
2020-09-06,Canâ€™t cast?!!!!,Itâ€™s 2020! Even the cheapest streaming apps allow you to cast! Even the illegal streaming sites allow you to cast! Câ€™mon!!!,3
2022-03-09,<3,â€¦.,5
2022-08-24,Rugi,"Setiap mau download, unduhannya tiba2 tercancel padahal jaringan wifi baik2 aja, rugi berlangganan",1
2022-03-06,Still canâ€™t supported spatial audio for airpods pro,So sad,2
2022-03-23,Lame,"This is the 2nd year i subsribe into this platform
Altough im not very impressed i still buy because i love disney film and marvel
And still compare to other platform this app is not so enjoyable

Honestly if you can give us filter to access every movie starred by some actor or else it will be so much better

And i can understand that being in different region means our access to some movie is limited, but some big show like marvelâ€™s daredevil is released in usa but not in our country? 

Do you still prefer us to chose another platform? Pfft",2
2022-07-19,OTP GAGAL,"Berkali-kali mencoba login, tp gk dapet2 OTP -_-",1
2020-09-28,Banyakin film indo nya dongg,banyakin film comedi dongg,4
2022-06-12,Tidak mendaatkan kode otp pas login,Tidak bisa login dan tidak mendapatkan kode otp,1
2020-09-17,Upgrade dong,"Semoga cepat ada di apple tv, atau kalo ga ya minimal bisa di screen mirroring lah. Uda ga jaman soalnya nyambungin laptop ke TV..",2
2020-09-22,No Apple TV Support,I canâ€™t believe no Apple TV support. Please make it happen!,4
2020-10-05,history plisss,kasi history dong biar ada bekas kita nonton mau di cari lagi kan gampang,5
2022-11-15,Shin ye eun bestt,Download it just to watch shin ye eun<3,5
2020-10-20,hii,"this app is so good! i really love it,but can you please add miraculous ladybug please?? i really appreciate if you couldğŸ–¤, thank you!!ğŸ–¤ğŸ–¤",5
2020-09-05,Supported smart tv please,"Masih belum support di smarttv, kalau dah support baru subscribe premium dan bintang 5... secepatnya please ğŸ™ğŸ»",3
2022-08-21,Komplain,Berhenti langganan dan masih ada waktu sampe 16 september tapi belum nyampe 16 september udh gabisa nonton! terus sia sia dong gw bayar yg sebulan ini hffttt-___-,2
2020-12-06,Dissapointed,Already purchased but still canâ€™t watch movies,1
2020-09-13,Lock screen,Please give option icon to lock screen when play movie,4
2022-06-23,wasted,Didn't get fckn otp,1
2022-08-23,Aplikasi terbaik,Enak dan mudah untuk mencari flim yang trending â€¦ dan seru,5
2022-01-02,smart tv,it isnâ€™t available on my smart tv so i have to use my phone everytimeee. please make it available on smart tvs!,5
2022-02-22,Error with downloaded video,Downloaded video can't be played until the end of the videoğŸ¥²,2
2022-06-05,ğŸ’”,"Ga ada yg malaysiaa
Mau nonton Melur untuk Firdaus ğŸ˜­ğŸ˜­ğŸ˜­",5
2020-10-07,Subtitles,Tolong sediakan juga subtitle Englishnya ğŸ˜­,4
2020-09-20,I'm lovin it,"Aplikasi konten hiburan film/series kesukaan aku. Terima kasih telah mengumpulkan semua koleksi Disney, Marvel, Star Wars universe, dan lainnya",5
2020-11-25,Ask for content,Where's Taylor Swift performance? Isn't available in Indonesia?â˜¹ï¸ come on dude,1
2022-07-04,Keren,"nice , topzzz",5
2020-09-20,"Great app, works with chromecast!","Finally they listened, new version with chromecast enabled!",5
2022-04-27,Always buffering,"Menjijikkan, nonton 1 film selalu bufferingâ€¦.",1
2020-09-06,Cannot cast to smart tv,There is no option to cast to smart tv please fix this,5
2020-09-09,No need to subscribe this,"No Mulan, No other great movies/serial from Disney. Just disappointed as one of the first subscribers. Instagram admins donâ€™t reply to all comments/dms. They just choose the questions which they could answer or just common questions",1
2020-09-09,Amazing,"This app is a solid 9.5/10 the price is cheap for an annual subscription, and there are a lot ot diffrent movies to watch.",5
2022-12-27,Susah sambungin ke tv,"Aplikasi ribet mau sambungin ke tv , update dong supaya pakek code barcode jadi gampang masukin nya",2
2022-06-29,Worst Server!,"My connection wasnâ€™t that bad but when i play a film its always say Error for nothing, please disney fix your fckng Srver!",1
2020-09-06,Love the Appâ¤ï¸â¤ï¸,I get to watch Disney movies that havenâ€™t been released in the cinema because of the pandemic,5
2020-09-19,Ribet,"ga bisa ke apple tv, ga bisa 4k...",1
2020-09-07,SMS Verification,Cant receive any sms from disney+ for the verification code. I tried many times. Help pls?,3
2022-05-04,Otp,Please fix OTP issue!!,4
2022-02-10,"Screen Recording Detected, DNS auto logs out","Hotstar needs to get their stuff together. You canâ€™t play anything while connected TV or monitor.  Netflix, HBO, even other local streaming works just fine. Why the uncessary security feature? Itâ€™s the same as disabling the audio when you use an earphone instead of the built-in speaker. Ridiculous! Plus you can easily circumvent this if logged in and playing via browser. This â€œfeatureâ€ needs to be removed immediately. Also, being connected to VPN or Private DNS automatically logs you out and deletes all your previously downloaded shows and movies. This is totally unecessary as well. If you want people not to use VPN or Private DNS while using the app you can simply warn them. Why forced logged out and removal of files?",2
2022-06-12,Susah login,LAMA BGT KIRIM KODE VERIFIKASI !!! Makin kesini makin jelek!,1
2022-12-07,Good but bad,"I started subscribing to Disney+ a month ago because I was interested in some of their content. I downloaded the app, subscribed through the application, and I have been surfing through their movies and TV shows ever since. Coming from using Netflix, I found some pros and cons pretty early on. 

Pros:
- Amazing, very wide, and world renowned content
- Much more affordable than their competition
- The application is quite intuitive
- Video resolution is top notch
- Love the way they group movies and tv shows on the bottom navigation bar
- Love how I can watch movies in portrait so I can scroll through other information beneath

Cons:
- No dark mode
- Canâ€™t set my age so I wouldnâ€™t have to press continue on every episode for series that has mature content
- After I leave the app mid-movie, it doesnâ€™t take much for it to reload the whole application, so I lose my movie progress
- Does not pick up where I left off, especially if I use multiple devices (i.e. iPhone and MacBook) so I am forced to scroll through the timeline to see where I last watched it
- If I leave portrait orientation lock to OFF, every time I watch in landscape mode and I play the next episode of a series that has mature content, the modal for me to continue glitches and I can not press on anything to continue
- No PIP in iPhone

So, overall Disney+ is great but the app is horrible. Little ways where it can help improve and smoothens customer journey were left out. At the end of the day, the cons outweighed the pros for me. So, after watching my favorite TV shows, Iâ€™m out unless the app gets fixed.",3
2022-07-16,Share to Media Social,Would you mind to make feature â€˜share to media socialâ€™ like playlist?,4
2020-11-11,Layanan langganan error,"Tolong perbaiki lg aplikasinya, saya udah bayar utk berlangganan namun ketika klik play movienya malah error ( masalah pada saat menyambungkan langganan ).
Ini aplikasi bikin emosi aja dah bayar tapi ga bisa diplay",1
2020-09-05,ğŸ¥³ğŸ¤©,Omg seneng bgt disney+ muncul di Indonesia!,5
2020-09-13,Now i can use chromecast,"Ok now i can cast it on my chronecast, 5 stars for you cheers",5
2022-05-05,Parah!,"Ngedownload lama parah.. padahal jaringan bagus penyimpanan kosong.. terus tiap nge download gabisa dijeda, sekalinya dijeda download nya nge refresh ke 0% lagi !.",1
2022-07-15,Sad,GBS PAKE WIFI COK NI PAKET DATA TRS WE LIATNYAğŸ˜­,4
2020-10-04,Did not support chromecast gen3,I can not see the movie with chromecast gen3 fw 1:49 always loadingâ€¦ please fix it,2
2020-12-22,Bagus.. bagus bangetğŸ‘ğŸ‘ğŸ‘ğŸ‘ğŸ‘,"Bagus..., bagus bangetğŸ‘ğŸ‘ğŸ‘ğŸ‘ğŸ‘",5
2022-02-13,Oops!,something went wrong. check again next time,3
2020-09-05,Luar biasa,Good job,5
2020-10-07,Berlangganan,Saya udah berlangganan pake DANA tapi kenapa film tetel gabisa dibuka?,1
2022-01-11,I Cant Download the Movie,Why i canâ€™t download any single video on thatâ€™s App,1
2022-09-03,DARK MODE,"Please add dark mode, thank you.",5
2022-06-13,Peaky Blinders where man,Can you add Peaky Blinders? I wanted to watch it but iâ€™m not at home and I canâ€™t use my data to watch netflix so please?,1
2022-09-11,down load,Why so slow if we want to download,3
2022-06-23,Film di skip skip,"Tolong yg adegan adegan 18+nya jangan di percepat cepat dong, ga seru jadinya",3
2020-09-11,Fitur cast ke tv ga ada,Ga da fitur cast ke led tv... kalah bersaing dengan layanan streaming yg lain2...,1
2020-11-19,Pembayarannya rumit. Setelah selesai bayar tapi gak masuk ke akun. Silahkan cek 8902276800215797,Pembayaran tak masuk ke akun. Silahkan cek 8902276800215797,1
2020-12-05,Indonesia paling bisa masalah cuan,"Udah paling bener download disney+ yang asli daripada beli disney H ,semua di seleksi film disney yang masuk ke indo ,udah gt ga ada 4k buat appleTV , udeh netflix aja paling bener,kalo udah berbau indonesia pasti dipolitikin nih , tau aje cuan",1
2022-06-13,Kode vertifikasi,Kenapa kode vertifikasi gak masukâ€ padahal sinyal bagus,1
2020-09-11,Subtitle,"Good apps, but i prefer indonesia subtitle rather than indonesian dub. If you add subtitle choice, i will change my review to 5 stars",3
2020-11-04,Dark Mode,Where the f is dark mode setting?,1
2022-01-25,downloaded??,i canâ€™t watch the videos offline even tho i already download the episodes. so whatâ€™s the point of download in the first place?,1
2020-11-04,Bad App,"Aplikasi yang sering crash sewaktu menonton dan film yang disajikan pun kebanyakan film lawas. Kalaupun ada film terbaru, harus membayar lagi untuk bisa nonton.",1
2022-02-11,CANT CONNECT FOR LOONG LONG TIME,Disney Indonesia succkkkkkss! I paid and cannot watching anything!!!,1
2020-09-04,No wonder the subscription is cheap,"Low price for subscription is nice, but it doesnâ€™t offset the fact that the service lacks crucial feature like the ability to cast to TV using Google Cast / AirPlay, ability to login with email address. The content is actually different with the US. There is no new Mulan movie.",1
2020-09-05,Belum bisa cast me smart TV atau chromecast,Develop appsnya supaya bisa connect ke TV atau chromecast ya,3
2022-09-11,Bagus,Woyyyy lah kenapa episode The Owl House ga lengkapppp,4
2020-12-15,Refreshing,"The titles here are refreshing, either the new one or the old one. the colour inside the app is refreshing the eye too.",5
2020-12-26,Long way to go,Very difficult to fast forward on apple tv.,2
2022-11-02,Cannot login,I cannot login using my apple ID although I already subscribe for 1 year. It only login using phone number.,1
2020-09-10,Ga bisa casting dari iPhone & iPad.,Ga bisa casting dari iPhone & iPad. Come on. Ini 2020 lho ğŸ˜‚,5
2020-09-25,Paket murah(an),"Cuma bisa di iphone ga ada di apple tv.. kualitas ga ada yg 4k ato hdr.. ga bisa mirroring.. series ga lengkap.. untung cuma langganan yg promo telkomsel, abis promo nya ga bakal langganan lagi.. pantes murah.. ternyata murahan..",1
2020-09-05,Better than Netflix,This app has Indonesia dubbing for almost all movies and TV series and I love it.,5
2022-10-09,Canâ€™t subscribe,"Canâ€™t continue payment using gopay, instead opening gojek app, its open the browser and make the payment flow broken",3
2022-09-02,Business News,Hello Everything Good News Disney+ Your With Movie Time We Thank You For Business News,5
2020-10-13,Profile please,"Itâ€™s not a bad application but it can be better, please give us a profile, so everyone can get one & things donâ€™t get messy in the app (just like netflix it can be up to 4/5 profiles in one account) and please improve the resolution sometimes itâ€™s really bad. Thank you.",3
2020-09-04,Dark Mode ketinggalan,Please add dark mode feature please,5
2020-09-07,PROBLEM : SCREEN RECORDING DETECTED,"Mengecewakan! 

Walaupun uda di update, saat menggunakan kabel HDMI masih bermasalah ga bisa di putar di TV! 

Selalu muncul keterangan â€œscreen recording detected...â€ 

Sangat mengganggu!",1
2020-09-24,Apple TV 4k,Saya masi belum menemukan cara install app ini di appletv 4k. Sedangkan untuk di ipad/iphone kualitas sangat baik,4
2020-09-04,?,Kan udah bayar di Telkomsel kok bayar lagi ?,5
2020-11-01,ENGLISH SUBS !!,Please add english subs to every movies and series... sometimes when you are chewing your snacks.. you cant even hear the movie ğŸ˜¤,3
2022-02-01,errrorrrrr,"UDH CAPE2 DOWNLOAD MASIH AJA BUFFERING, UDH GITU SUBTITLE GAMAU NONGOL. GAJELASSSS ASLII",1
2022-02-19,Always Buffering,"Heran lah pake streaming lain lancar-lancar aja nontonnya, giliran streaming ini kalo udah setengah episode buffering pasti. Mesti restart app kalo mau bufferingnya hilang",3
2022-02-21,Error,Sudah mahal mahal berlangganan kok masuknya ke nomor lain tolong diperbaikin atau balikin saldo nya,1
2020-09-05,No Chromecast,Not compatible with Chromecast,2
2022-01-07,Disnuy,Kode otp nya lama bgt aswww selebihnya good aja,4
2020-12-06,This is excellent ğŸ‘ğŸ‘â¤ï¸,Lov this app,5
2022-06-22,OTP bermasalah,Berkali kali selalu bermasalah dengan OTP tak diterima,2
2020-11-28,Mirroring,Please make it available for mirroring to smart TV,3
2022-08-17,Kode otp terlalu lama,Mau login aja nunggu kode otp nggak masuk-masuk,5
2020-09-04,Terima kasih sudah mewujudkan disney+ di Indonesia,Terima kasih sudah mewujudkan disney+ di Indonesia,5
2020-09-13,ğŸ™ğŸ»,Baru liat iklan udh seneng tau nya bayar ğŸ™‚ğŸ‘ğŸ»,1
2022-10-08,TERRIBLE UI UX,"A lot of bug in the app, ask if im 21+ every single episode, making it inconvenient to bingewatch. Screen keep rotating it makes no sense. Probably will unsubscribe, Netflix soooooo much better",1
2020-09-24,Satisfy my kids craving for disney movies but....,"Well I got what I kinda got what I wanted in unlimited frozen, lion kings and disney kid shows. But.... some episodes and seasons are jumbled up for example futurama. It should be a simple fix... why is it taking so long??",3
2020-09-04,Canâ€™t Even Register,Please send me the 4-digit code! I havenâ€™t successfully registered because the code fails to be sent to my number!,1
2020-09-10,Chromecast,"Please make Chromecast be available as soon as possible.
Add more movies/series. I subscribed to watch all old series like Merry Melodies, old cartoons of Mickey, Donald, Goofy, Pluto, Duck Tales, Darkwing Duck, Talespin, Gummy Bears, etc.",4
2020-09-05,"Regional issues, its getting on my nerves","Iâ€™m downloading this app from indonesian app store.
But its payment and region got redirected to Indian Disney+, all the movie are in Indian languages which I donâ€™t even understand any of it.

Are you kidding? Please fix this asap or make an option to change regions manually!",1
2020-09-09,Missing things,"The movie selection is decent but the tv series, not so much

Also lacked features, mainly Apple TV support and Chromecast support",3
2020-10-07,Bad!,Unstable video quality and lot of buffering even in good internet connection. Netflix better,1
2020-09-04,Verification code bug,Whenever I input the 4 digit code to the app it keeps saying it is incorrect!! Frustrating!,1
2022-10-09,Saya sudah login tapi tidak bisa nonton gratis?!,Tolong aplikasinya di perbaiki,3
2020-09-04,Dark mode,Silau cuy. Please lah,3
2022-01-22,SMS OTP never arrived,Subscribed but cannot login as I never get the OTP.,1
2022-08-28,terbaik,terbaik,5
2020-09-05,Cant airplay,"Can not air play to apple tv
And there is no apple tv app",1
2020-09-24,Bapuk,Tidak berkualitas dan sangat mengecewakan. Gak lagi lagi gue berlangganan kalau nanti dah abis,1
2020-09-13,TvOS blom ada,"Saya pengguna apple tv, tolong dibuatkan jg di TvOS.. ğŸ™ğŸ»",4
2020-09-13,Something is missing...,No English subtitles. Disappointing...,2
2020-09-05,Kondisi aplikasi kalau offline,"Min mau kasih masukan, Untuk update aplikasi selanjutnya kalau bisa pilihan â€˜Go to Downloadsâ€™ biar keluar min pilihannya, soalnya kalau kita lagi gak online gak bisa nonton film yang sudah kita download min",4
2020-12-20,Keren.,Bisa menikmati film-film keren dalam kualitas gambar dan suara yg dasyat...terima kasih Disney +hotstar,5
2020-09-10,great,"honestly tho it would be much better if they added more seasons to the series especially the old ones. like wizards of waverly place, i was expecting it to have all seasons but itâ€™s just one on this app. Itâ€™s alsoo worth it to watch soo many movies and series for 39k a month ğŸ˜",5
2022-08-17,Banyakin drama korea,Banyakin drama korea,4
2020-12-19,Canâ€™t cast to Chromecast anymore,This new update have a bug. I canâ€™t cast movie to Chromecast anymore. Please fix,1
2022-10-14,takes years to receive 4 digit verification code,"whenever i logged in my disney to a device, it always asking for a 4 digit code that wont appear in the message",1
2020-10-13,Masalah di Ipad 2018,"Sudah ios terbaru, app terbaru tetep ga bisa rugi saya bintang satu dulu kalau dah bisa baru bintang 5",1
2022-05-14,Pembatalan berlangganan,Tolong direspon email saya perihal request pembatalan berlanganan. Sampai saat ini tidak ada feedback,1
2020-10-08,Kurang ramah sama tablet mode,"Andaikan Aplikasi bisa menyesuaikan tampilan pada Tablet, sepertinya akan semakin menyenangkan. Repot muter-mutwr tablet yang sekarang. Semoga segera update",4
2020-09-06,There isnâ€™t a casting feature?,"Is there a casting button in this version? The website says we can cast to tv, but canâ€™t find one.",3
2020-09-05,R,Harganya bersahabat banget kontennya juga berkualitas best lah disney+,5
2022-07-31,Tidak ada kode verifikasi,Tidak ada sms datang,1
2020-09-05,Bagus bangeet!,"Apk nya bagus banget,ada fitur tonton gratis nya,banyak serial,dll

Thanks DisneyğŸ˜˜",5
2022-03-04,OTP Code,OTP code took forever to arrive,2
2020-09-06,Airplay,Blm bisa airplay/ mirroring ke Apple TV..,2
2022-08-24,Code verification,I didnt get code verification,1
2020-12-04,very awful,"very awful, could not download. pls repair",1
2020-09-08,Keren!,Suka banget ğŸ˜ğŸ˜ğŸ˜,5
2020-12-06,Add,Please add to instagram feature,5
2020-09-06,Canâ€™t connect to tv,"Canâ€™t be connected to tv using adapter, detected as screen recording. Only want to see it on bigger screen, why canâ€™t be connected.....why oh why...???",3
2020-10-31,Canâ€™t download,"Everytime i downloaded something and goes offline it wonâ€™t show, they donâ€™t even have us go to the downloaded section when weâ€™re offline ğŸ‘ğŸ‘ğŸ‘",2
2022-04-28,Cant downlodad,"pla
ease fix this issue. i'm using ip11",2
2020-12-27,Stuck at Disney+ hotstar logo,This app stuck at logo an Nothing happen(freeze)... thanks and fit it!!!,1
2022-03-24,Bad conection and bad when downloading,"Bad conectivity, bad when downloading film always error or stuck when play downloaded film. Far from Disney quality.",1
2020-09-06,Subtitle dan Dark Mode,Tolong tambahkan pilihan subtitle pada animation series nya dan juga tolong tambahkan untuk pilihan dark mode ğŸ˜¢ğŸ™ğŸ»,3
2022-03-13,Cannot run with projector?,"Iâ€™d like to watch the cartoon movies with my 3 little nephews and 4 little nieces on larger screen, projector. Itâ€™s connected succesfully with the projector but when playing the movies it suddenly stops saying recording cable detected and will not run until itâ€™s unplugged, oh come on, we just want to watch cartoons together, do not want to record anythingâ€¦ you know, itâ€™s very uncomfortable watching with kids using phone.",4
2020-09-04,Canâ€™t login,I canâ€™t login through apps. Always incorrect code even the number is same. Please fix this.,1
2022-05-10,Impressive,"This app is quite good,but some bugs need to be fixed,especially when you wanna change the episodes in some movie ,it feels laggy and sometime crashed,9/10",4
2022-06-25,ğŸ‘ğŸ‘ğŸ‘ğŸ‘ğŸ‘,"Pas di luar negeri, langsung gak bisa pakai. Mantap ğŸ‘ğŸ‘ğŸ‘ğŸ‘ğŸ‘",1
2022-12-23,Bagusss,Keren,5
2022-06-25,Who is the PM - i dont receive otp,ğŸ˜­whoever works on the login / otp menu needs to have 1 on 1 with the management - its so bad i havent received my otp for a week ğŸ˜­ğŸ˜­ğŸ˜­,2
2020-09-05,Wow this amaze me..,"The apps have so much potential.. The movies are top notch and most of top box office are available here.. 

Btw when is Mulan gonna shows up at Indonesian viewer? I already subs for annually.",5
2020-09-04,Tidak bisa login,"Kode verivikasi yg dimasukkan salah terus, pdhl udh bener:â€",4
2022-11-11,:),wkwk tbtb ke logout sendiri trs udh bayar yg setahun pas login gabisa ? bye bgt either ada yg hack atau gmn tapi rugi subs 1 tahun,1
2020-09-13,Great app!,"Its a great app with lots of movie selections, please make an option for tv casting available. Hopefully it will be added in the next update.",4
2020-12-28,Review,Good app but please add a feature like if you close the app there a small screen so you can watch it while doing something on your device just like Netflix and please add dog with a blog,3
2022-12-02,Versi macOs,Tolong buat versi mac juga,4
2020-09-10,H,"Udh bayar via telkomsel *363*999#,udh kepotong pulsa 25k,tapi kok paketnya g aktif?",1
2020-12-05,Keren Disney ..,Terimakasih,5
2020-09-09,Nungguin bisa nonton di TV,"Duh, untung saya baca review mbasis n masbri disini.. hampir saya subs yg 1 thn...",1
2022-09-24,Ejen ali,Ejen ali tidak ada seson sambung,2
2022-09-19,Add Dark Mode Please,"Its been years and this app still have no essential features such as dark mode features, picture in picture (play in background).",1
2020-10-02,Apple TV ğŸ˜,Akhirnya keluar di Apple TV. Pulang kerja langsung nonton mandalorian deh. Oiya bikin fitur share ke Instagram story dong kaya netflix,5
2022-01-01,Cannot play the download,I already download it but I canâ€™t played it in airplane mode!,1
2020-11-30,Crappy customer service,"You guys need to be more serious in dealing with your customer
- Slow response on customer care email
- robotic response without ever pay attention to previous email

Very very bad experience. Consider yourself losing a customer. Canceling my subscription",1
2022-08-22,Please fix the automatic â€œnext episodesâ€ timing and add English subtitles,"The contents are bingeworthy, congrats on that. But technically the experience is not seamless - i.e jumping into automatic next episodes before the episode ends, that is really annoying because it jumps at crucial moments. Please add English subtitle on contents that are originally in English. Lastly, why canâ€™t I watch Disney content when Iâ€™m traveling abroad?? Iâ€™m paying to watch to content and I canâ€™t even watch what I have downloaded?",4
2020-09-05,Mantap!!!,Mantap!! Bukan hanya film disney doang tapi juga ada film lokal. Sempet ada issue di perolehan kuota tapi langsung solved. Sukses selalu ğŸ‘ğŸ»,5
2020-12-08,Tidak bisa berhenti berlangganan,Gk bisa berhenti berlangganan,1
2020-10-24,dark mode,we need dark mode,5
2022-01-23,features,please add some features like double tap to fast forward like on ntflx/utube,4
2020-09-05,Senang,Senang banget bisa nonton film dan serial Disney secara resmi! Kualitasnya bagus!,5
2020-09-06,Good Experience,"Clear visual, smooth performance, and I can continue to watch my favorite serial again in here legally - Blackish ğŸ™‚",5
2020-09-04,Tidak mendukung Google Chromecast,"Untuk menonton di HP sangat bagus. Tidak kalah dari Netflix atau YouTube. Namun sayangnya aplikasi ini tidak mendukung cast ke Google Chromecast. Padahal aplikasi sejenis lainnya mendukung, seperti Netflix dan YouTube. Tolong ditambahkan fitur agar dapat cast ke Google Chromecast.",2
2020-09-04,Tidak bisa login,"Saat hendak login menerima kode verifikasi melalui sms. Tapi setelah kode diinput dan klik â€œcontinueâ€ malah tidak bisa. 
Responnya kode verifikasi incorect",5
2020-09-19,Apple TV,Tolong disediakan untuk Apple TV.,5
2022-07-30,Fix it pls,Error and lags,4
2020-09-14,Need it On Apple TV,"Hi !
I love the app, but unfortunately the app is for iPhone (or iPad) only.
would you make it to be available on apple TV too?
Please.",4
2022-05-06,picture in picture,gabisa fitur pip nya di ipad maupun di iphoneğŸ˜­ğŸ˜­,4
2020-09-04,Minus chromecast,Tidak bisa casting melalui chromecast. sms OTP tidak diterima,2
2020-09-28,Bad,"There is no subtitle option on my iphone 7 plus, and still no dark mode updates. Fix this and i will rewrite my review, thanks",1
2020-10-05,Match content framerate and dynamic range,lack Match content framerate and dynamic range on Apple TV. please add them on future release.,3
2020-09-06,Chromecast,No chromecast support,3
2022-01-21,Enggak bisa nyambung ke tv,"Parah banget mau nyambungin ke tv susah, dibilang record app, subtitle jadi kacau.",1
2020-12-13,aneh,"kenapa koneksinya suka error? padahal seharusnya lancar lancar aja, dan juga udah coba download filmnya tetep buffering error gatau kenapa padahal udah di download",1
2022-01-13,OTP CODE,The OTP CODE really takes forever dude câ€™monâ€¦.,4
2022-09-28,So bad,Kenapa jadi berbayar semua. Sampai film yang pernah di tonton juga berbayar. Sangat mengecewakan ğŸ¤¬ğŸ¤¬ğŸ¤¬ğŸ˜¡ğŸ˜¡ğŸ˜¡,1
2022-06-23,susah bgt mau download,setiap mau download naik 1% aja bisa 4 jam padahal jaringan bagus pake wifi sampe pake internet sendiri bener bener sampe habis 4 gb satu video gara gara gagal terus setiap mau download,2
2022-07-01,Sms verifikasi tidak terkirim,Saya sudah download ketika mau login masukan no hp kode verifikasi tidak terkirim ke hp saya padahal jaringan sdh 5G ğŸ‘unistall apk ğŸ‘,1
2020-09-05,Canâ€™t be mirrored through Airplay,"movies and series cant be mirrored from iphone to apple tv, but trailers can be mirrored just fine. Please fix this bug.",2
2022-04-15,Glitch...?,I can't seem to get my OPT password upon registering.,1
2020-09-25,No Airplay?,"No airplay, screen mirroring or smart tv app??
Watching on phone or ipad is tiring! Please make it available for screen mirroring at least. Dont make our subscription such a waste",5
2020-11-01,Nice app,Really enjoy all the movies:),5
2020-11-27,No sub,"No English subtitle available, but shelling out soulless local dubs instead. The hell are they thinking?",1
2022-06-27,"All is Good, but",Everything is Good but what happen with The apps icon?,5
2020-09-04,Amazing,"Luar biasa film-film nya emang yg kita suka semuanya, bukan film-film ga jelas, top dahhh ğŸ‘ğŸ¼ğŸ‘ğŸ¼ğŸ‘ğŸ¼ğŸ‘ğŸ¼ğŸ‘ğŸ¼",5
2022-07-04,Error when choose the play time,"Please fix, I canâ€™t choose the time video play, itâ€™s like bug and it makes the quality of the platform go to low",2
2020-10-03,subtitles,please add english subtitles,3
2022-11-30,Downloading episodes,"Ga bisa download episode belakangan ini, terutama Greyâ€™s Anatomy. Kenapa ya?",3
2020-09-15,Aplikasi di smart tv,Tlg buatin aplikasinya untuk LG smart tv. Biar ga ribet.,2
2020-10-10,Excellent but...,Shouldâ€™ve add some options like removing movies that we hate.,5
2022-12-18,Auto redirect to another movie when open app,"please stop redirect to specific movie when open app, who have this idea?? its make worst user experience smh. most annoying",3
2020-09-05,Not working,"â€œOops something went wrong, try againâ€ been trying for hours and hours now. Geez ... if youâ€™re not ready, donâ€™t launch the app",1
2022-12-03,Kode OTP,"Ini kode OTP nya kok dikirim kaya nomer biasa gtuh ya ? Biasa nya kan kalo ngirim kode OTP app lainnya nomer perusaha an jadi masuk sms nya tuh nama perusahaan bukan nomer kaya nomer biasa, jadi nya ragu-ragu buat login",1
2020-09-05,Error saat mirroring ke tv,Error saat mirroring ke tv,3
2022-04-21,gabisa download,gabisa download apa gimana ini,3
2020-09-10,Canâ€™t install the Indonesia version on iPad,"I have ever 7 times downloaded this application, but why was installing in India version not on Indonesia version?",1
2020-12-15,Bukan dia,Dibanyakin dong film disney dan fantasy nya cape nyari nyari film ga ada yg dapat,1
2022-06-25,Lemot,"Mau pk wifi super kenceng ato jaringan no wahid ktnya gada kendala, ttp aja srg ngelag n muter2 mulu. Kesel jd nntn keganggu banget.",1
2020-10-22,ğŸ˜¡,ABSOLUTELY TRASH,1
2020-09-26,Keren,Mantap surantap,5
2020-09-07,No cast button on the apps,"Can we cast disney+ to tv with chrome cast? I once saw the button on the apps, but now there is no cast button",2
2022-07-11,Connection problems. Read this!!!,"Streaming any TV Shows or Movies often lags and my WiFi is fast (Amazon Prime, YouTube, Netflix, HBO never had any connection issues at best video quality). 

Don't fix app UI, for now, prioritise repair and upgrade on your server, so we all can enjoy streaming at Disney Hotstar.",4
2020-09-08,Review,"Harganya mendukung, murah. Aplikasi bagus. Tapi kok film mulan gak di release ya?",5
2022-09-17,bad,"paling susah vertifikasi nmr hp,percuma udah langganan tapi gabisa masuk",2
2020-09-13,Quite ok a for launching app,"Even though its a different app from US. I think the app is pretty solid, without much bugs. The price is reasonable, but the library also not too huge so its fair. Need to add device mainly Apple TV. IOS user will mainly watch on TV via Apple TV. Also when playing the logo disney+ on top is rather annoying. Preferable no logo or UI when playing for more immerse experience (like Netflix). Keep it up!!",5
2020-11-08,Hostar,Kak nanti sy kasih bintang 5 kalau film radha krishna ada season 2 dan seterusnya ğŸ™ğŸ»ğŸ™ğŸ» pliss yah kak,3
2020-11-06,ğŸ‘,I canâ€™t watch anything,1
2022-01-02,SNOWDROP,download for watching snowdrop kim jisoo,5
2022-06-24,Canâ€™t download using data cellular,It suck,1
2020-09-11,DARK MODE,Dark mode,4
2022-02-04,OTP code not received,"Overall the app is so good but idk why is it so hard to get the otp code, I want to link my acc to another device but struggling with this.",3
2022-08-09,Unstable app,Had to kill app many times just to get the app loading. Every click resulted in frozen screen. Annoying 21+ acknowledgment for every damn episode. Do better.,2
2022-10-30,Aplikasi ngentot,"Kode konfirmasinya dibenerin dulu goblok, ditunggu sejam kaga muncul babi",1
2020-09-04,tvOS support,"Very appreciate, finally Disney+ arrived in Indonesia. Please add support to tvOS so appleTV user can enjoy it on a big screen, since its already available on androidTV as well.",5
2020-10-04,Puas,"Filmnya banyak banget, cuma kurang di tambah film indonya di update lagi film2 terbarunya oberall suka banget ğŸ˜¬",5
2022-01-23,Kendala login,Susah banget kalo login via web,3
2022-03-24,why do we need to pay it first before watching those films!?,I don't have money dumbass,4
2020-09-08,Sangat Dinanti!,"Sangat dinanti karena Konten DISNEY, Thatâ€™s it, namun kenapa tidak bisa Airplay... ğŸ˜Ÿ Atau tolong buatkan aplikasi untuk APPLE TV Secepatnyaaa ğŸ™ğŸ»ğŸ™ğŸ»ğŸ™ğŸ» ğŸ™ğŸ™ makasiih",5
2022-02-03,Playback error keep happening for the downloaded videos,This app is really bad ğŸ‘ Playback error keep occurred when I want to play the download videos.. since my internet connection is quite slow I usually download the movies I want to watch first then watch it later after download is completed.  But this error keep happening so the download function is really useless.,1
2022-01-07,No!,Udah bayar nih gw sinyal kenceng masa iya buffering terus!!,1
2022-12-28,Freeze on ios 16.,"After download the app and open. Here what happen :
1. Bug on seacrh btn, keyboard doesnâ€™t show
2. Freeze app, I canâ€™t even swap to back home",1
2020-09-27,Tolong perbaiki,Saya ingin memperpanjang satu tahun langganan yang terjadi malah langganan saya jadi ganda alias langganan 3 bulan dan langganan 1 tahun.,1
2020-10-05,AirPods Pro Spatial Audio please,"thanks, we can watch from apple tv now. fo next, please make it compatible with AirPods Pro Spatial Audio please",4
2020-10-06,Add Dark Mode Please....,Please add DARK MODE please...,5
2022-10-18,ngk bisa login pake email,"ngk bisa login pake email
solusi",3
2022-12-17,Server,Kenapa si selalu gabisa play pake wifi,1
2022-02-05,HARD TO GET OTP CODE,I want to log in the app with my phone number but I canâ€™t get the otp code via SMS/Call even though my phone number is already correct,4
2022-04-09,PleaseğŸ™ğŸ™,Please developer disney+ ios add dark mode,5
2022-10-10,KECEWA,"Kenapa sekarang gak berlangganan lagi sama Telkomsel, biasa nya klo isi paket telkomsel sudah termasuk langganan disney+hotstar 1 bulanâ€¦sekarang udah gak bisa lagi, mohon maaf saya turunin bintang jadi bintang 1",1
2022-06-23,Otp masalah ajing,Aplikasi gblok otp susah banget dikirim,1
2020-09-05,Nice,Great collaboration Disney+ and Telkomsel,5
2020-09-12,Need support for tv playing,App kinda lagging. Could not cast to tv using google chrome cast. Found that in other country this app can be casted to tv. Please update it. Thx,3
2020-09-06,Tidak bisa login,Kode OTP ke nomor tujuan tidak masuk menggunakan perangkat ipad,1
2022-01-15,This version keeps on buffering,"Please fix it.

Thank you",3
2022-09-11,Buffering,Tiap 40 detik buffering,2
2020-09-05,Where is mulan??,"I downloaded this app and paid the subscription in order to watch the newest mulan, but all i can find in there is only the cartoon version of mulan.. how can i watch the human version of mulan.. i saw some people comment in instagram that mulan can only be seen through the premium app? How can i get the premium app??",3
2022-08-14,Jd error,"Abis update, knp jd gabisa kebuka ya? Loading muter2 terus.. sampe delete app terus download lg.. ga ada perubahan.. ttp gabisa kebuka",4
2020-09-05,Add a feature,Please add a feature to cast on Google Chromecast,5
2020-09-05,please add mirroring feature!,it would be convenient if there is a mirroring feature so we can watch through our tv,4
2022-06-23,Otp login sulit di dapat,Nunggu sms otp kayak nunggu surat resign dari bos,1
2022-11-23,Picture in Picture feature please,"Love the movies choices, but would be great if you add picture in picture feature",3
2022-01-18,KODE VERIFIKASI,"Gw uda berlangganan,mau login kode verifikasi nya gak di kirim* . ini gimana ceritanya oii",1
2020-09-06,CHROMECAST,CHROMECAST,1
2020-09-06,Watching â€œbigâ€ movies on iPads or iPhones are so lame!!!,"Quite nice app with quite extensive collection but only suitable for watching alone or when you are on the road.
This is supposed to be entertainment for whole family, but imagine watching a movie for letâ€™s say a kid with his/her parents on iPads or even worse iPhones..
Please make it available to watch it on TVs or big screen because watching movies like Marvelsâ€™s or Avatar on small screens are sooo not fun!!!",2
2020-09-06,George Lucasâ€™d be crying somewhere,"Great content, great movies collection, Top notch complete Star Wars universe. Too bad we had to watch then in small screen ONLY. Its a shame, George Lucas might be crying somewhere now if he found out we only able to watch The Jedis on the phone screen. Should be on the Apple Tv & Smart Tv . Please !!!!!!!!",3
2020-10-05,please,Akhirnya..bisa juga di apple tv..good jobğŸ‘ğŸ‘,5
2020-12-04,3 stars JUST BECAUSE this app provide Greyâ€™s Anatomy,"- Can Disney directly handle this app? Not hotstar? So much for Disney+ but itâ€™s actually MINUS in the terms of content!
- 4K RESOLUTION WHERE? F-kin grainy!
- App for windows where?
- ENGLISH SUBTITLE PLEASE
- You donâ€™t even have â€œShare to Instagramâ€ seriously?

+ Greyâ€™s Anatomy (my forever guilty pleasure). Iâ€™m gonna immediately unsub when Greyâ€™s Anatomy finished.",3
2022-08-15,Kode Otp tidak masuk masuk,"Astagfirullah, mau berlangganan susah banget. Kode otp ga masuk masuk. Pengen di bayarin ga sih ini aplikasi. Aneh banget",1
2022-10-31,play movie otomatis di thumbnailnya,"Kelemahan Aplikasi ini

~ suka play preview otomatis di thumbnailnya
Bisa ga sih ini diubah, gausah pake play preview gtu lah
Abis loh data orang!!!!

~ download diubah sesukanya jidat padahal aku mau low kapitas atau normal malah yg nanti jadinya HD padahal settingnya aku udah ku set ke LOW tapi tetap aja HD #korupsi data bgt ya",2
2022-06-25,No Picture in Picture,"Ga bisa picture in picture di ipad atau iphone.
Buka control centee video pause buka notification center video pause

Close aplikasi buat bales chat. Buka lagi video langsung buren padahal sebelumnya hd
Kualitas aplikasi yang sangat buruk",1
2022-08-22,Bad app,"App nya gak enak banget dipakai, jauh banget dibanding app sebelah",1
2020-09-12,Aplikasi tdk bisa di buka,"Seneng bisa setahun dengan harga hanya segitu dan film nya makin di tambahin terus. But, sorry to say, setelah melakukan update aplikasi jadi gak bisa di buka. Hehe :) saya melakukan pembayaran langganan melalui indomart (bukan kuota telkomsel) tapi sekarang hanya bisa di akses menggunakan kouta data. Terus apa guna nya saya beli langganan waktu ada awal rilis langsung melalui app? Hah?",1
2020-09-05,Canâ€™t be casted to chromecast or apple tv,"Useless, who can have the joy of watching movies thru the tiny screen of a smart phone or even a tablet?!",1
2020-12-29,Mirror please,"I know we can just open browser and watch hotstar normally but it is easier to just mirror hotstar on tv, there is no apps as well on my samsung tv which is frustating, please fix it and will change the review, but for nor 2/5",2
2022-07-12,Good app,Bagus dan murah,5
2020-09-05,Kok tidak ada di Apple TV,"Apple TV 4K saya tidak ada disney plus hotstar, kenapa bisa?? Pdhl di iphone, ipad, imac ada!",1
2020-09-10,Apple tv apps please,"Cant screen mirrorin please make apps on apple tv, i subscribe already",1
2022-08-21,Josss,Nonton film disney full dan murah cuma 20 ribu,5
2020-09-05,Chromecast,Belum support chromecast ya?,5
2020-09-14,Not worth subscribing,"Donâ€™t subscribe to this thing. Itâ€™s a joke. Canâ€™t AirPlay it to my Samsung Smart TV, no app on the TV as well, and seriously, the viewing screen canâ€™t get any smaller than this. Black screens on all four sides, and whatâ€™s with the Disney+ watermark? I know I am watching a Disney movie with a Disney+ app. I donâ€™t need it reminding me all the time and it ended up sacrificing the whole movie watching experience. Donâ€™t waste your money on this.",1
2022-02-16,Filmnya sedikit,"Filmnya sedikit banget, cuma film tertentu saja yg ada. Masih belum cukup menghibur app nya!.",1
2020-09-08,Cast,Help me to connection andoid tv.,5
2022-01-10,my review,Very Entertaining it's like you have an unlimited amount of movies and series to watch and it keeps up to date with the movie today,5
2022-05-29,Update The Season,This app is so great. Hope the developer do some updates on the documentary episodes.,4
2020-09-13,Kecewa,"Saya bayar untuk menonton film"" disney bukan film"" lokal indo. Tp yg diupdate film lokal indo mulu. Sangat kecewa",2
2020-11-26,Add Airplay support,Can you guys please add airplay support soon?,4
2020-09-05,India?,This is supposed to be for Indonesia not India,1
2020-12-27,Very nice,Very nice apps to stream,5
2022-08-31,shared,bisa share ke instagram story dong,4
2020-09-13,Share movie to IG stories,How to share the movie to IG story like Netflix did?,5
2022-05-14,Gak bisa connect ke TV pake HDMI,"Tolol bgt gak bisa connect ke TV pake HDMI, selalu minta matiin screen recording gak jelas. Mending Netflix bisa di connect ke TV",1
2022-07-09,Login Problem,"Everytime. Everytime Iâ€™m trying to log in on my desktop browser itâ€™s always, always not sending the 4-digit code to my phone number. Been always like this since the first days of disney+, I mean how can I enjoy the show when itâ€™s so freaking hard just to log myself in. It recommends me to get the code via call, itâ€™s usually also not calling my number, or when it does, I canâ€™t even hear the clear spelling of the numbers. Bad, just bad.",1
2020-09-07,Enrich Features,"Hi Dev Team,

Please to be add cast screen to AppleTV, since this cannot to be done mirroring. Would be nice if this can be watching on big screen (TV)",4
2020-11-05,Great app & service,"Just a couple of input for developer, 
Browsing for shows is a tad bit too hard, some shows doesnâ€™t come out in the carousel unless you use the search function, we need better show browsing option.
Also some shows are missing english subtitles.",4
2020-12-03,Gagal download,"Segera di perbaiki apps, sudah berlanganan tidak bisa download film padahal internet lancar!!
Kecewa banget.",1
2020-09-13,ENABLE CAST!!,Enable cast!! No use to have tons of titles but forcing users to watch on phone screen,1
2022-05-06,bangkrut,mending bangkrut aja lah masa kode verifikasi ga dikirim kirim padahal nomor udah bener sebener benernha,1
2022-12-27,Membosankan,Pilihan filmnya sangat monoton kurang beragam.,1
2020-09-05,Add English Subtitles,"Looks good, but i hope you have english subtitles for the next updates",4
2020-09-05,Otp yg dikirim ke no hp kagak masuk2,Memang masih baru si ceritanya gw PO berlangganan dan paketan lewat telkomsel pas udah berhasil gw buka dong app nya trs login pake no telp tapi trs nanti ada kaya OTP kayanya masuk ke no telp tapi ditunggu kagak ada notif SMS apa2,2
2020-12-27,Amazing!!,Loving the movies and series so far. Canâ€™t wait for more upcoming contents since i know (and tried) disney+ outside of indonesia and it had much larger catalog than this one. Dark mode would be appreciated. Loving the price. Please add the feature to share on instagram!! It makes gushing about movies/series that much mofe fun~,5
2020-12-19,My New Favorites Channel,"Semakin betah nonton via handphone/tablet dimana saja, kapan saja.

Apalagi serial2 spin off Avengers yang hanya Eksklusif tayang di Disney + HotStar, woooowww...ğŸ¤©ğŸ¤©ğŸ¤©",5
2020-09-06,tidak full screen,Film2nya cukup bagus namun sayangnya tampilan filmnya tidak full screen di layar ho sperti app lain sejenis,5
2020-09-06,Good app,"4k, chromecast, and multiple user in one account features will be appreciated",5
2020-09-11,Canâ€™t watch it on TV,"Please create the tvOS version, or at least enable AirPlay support",4
2020-12-17,Komplen,"Sama kaya my telkomsel, sering ngelag padahal sinyal lagi bagus yt, ig lancar kenapa cuma hotstar doang yang nge lag. Tolong dong telkomsel jangan kayak gini mulu lalo punya aplikasi",1
2022-11-17,OTP LAMA,Otp kok lama sekali mau login ga bisa,1
2022-08-12,Error,"Update terbaru malah bermasalah, tidak bisa dipakai. Diangap tidak belanganan, padahal baru saja berlanganan kembali..",2
2020-09-07,Cant connect to chromecast,Hey please fix this issue,1
2020-10-31,All best movie,Semua film terbaik rata-rata memang dari Disney. Nice one ğŸ‘ğŸ‘,5
2020-09-10,Watch on the big screen with family (need airplay),Airplay is not a new technology. Please enable airplay for family to enjoy disney content on the big screen at home.,1
2022-06-27,WHERE IS THE OTP CODE?,"I'm willing to subscribe, just give me the OTP man, please fix this",1
2022-02-06,Download for Offline,"Everytime I exit the app , downloading will automaticly fail
please fix this so I dont need to wait in app everytimw I download film",1
2022-09-28,Bad server,"Gmna bisa Apps segede disney, Buffring trusâ€¦ padahal koneksi bagus. Buruk bgt",1
2020-11-08,Susah streaming pakai wifi,online pake wifi gak bisa nonton/ download filmnya.,1
2020-09-05,Oops!,â€œSomething went wrong. Please try again in sometimes.â€ Sering banget eror saat buka aplikasi di Ipad.,3
2020-11-05,Great App,"Cheap price, good watching",5
2020-11-01,Inaccurate subs,"The subtitle for Greyâ€™s Anatomy is 50% inaccurate, please have someone with medical background review it. The app is otherwise fine.",3
2020-09-05,Needs chromecast support.,It's ridiculous having to watch movies and shows on a small screen..,1
2020-10-15,Ini bagus banget gw suka dan keren lengkap film2 disini. Wajib download deh pokoknya.,"This is really good, I like it and it's cool, the films are complete here. You have to download it.",5
2022-11-15,Ujung2 nya suruh langganan,"pertama kali donwload nonton apapun gratis eh ga lama ga bs nonton lagi cuma bs preview sinopsis, ujung2 nya suruh langganan bayar, apa gunanya pakai kartu halo yg bayar tiap bulan pake ga pake, kirain gratis untuk pengguna hallo, auto uninstall dah",1
2022-01-29,Okay,Troublesome in getting otp code. Please fix this.,3
2020-09-05,Need new features,Please add option to chromecast and share to instagram story,4
2020-11-15,Make it Compatible to Samsung Smart TV,Please make it available on samsung smart tv,3
2020-12-09,Sound/Audio bug,"sometimes it's happen, the sound was like 'drowned'. or is it just my audio problem???",3
2020-09-05,Good,"But can you guys upload more movie? I mean not all disney movies are inside, overall good and thanks you!",5
2022-06-13,Dari seseorang,Ga jls bgt,2
2020-09-05,ğŸ‘¨â€â¤ï¸â€ğŸ‘¨,Itâ€™s Marvelous!!!!!!!! Happy watchinâ€™ alles!!!!,5
2020-09-05,FINALLY COME!,Im already install and also subscribe for 1 yearâ€™s. Please give a feature to watch on tv (mirroring) thanks!,5
2022-06-22,Love! There is indonesian language,cool!,5
2020-09-05,Hope to improve soon,"Collection is great, however too bad thereâ€™s no cast button yet. Dissaponting to have to watch all the great content on small iphone screen only",3
2020-09-05,Title nya gak selengkap disney+ US,"Pengen nonton Encore yang Kriesten Bell tapi kok gaada ya? Padahal di disney+ US ada. Plis tambahin film2 dan series disney yang lengkap, jangan malah film2 indonesia. Ini disney+, harusnya disneynya dulu dilengkapin.",3
2022-09-18,Kendala OTP dikirim via Whatsapp,Login via web emg sekarang otp nya dikirim dari wassap tidak dikenal?,3
2022-05-13,Didnt get any message or call verivication,Please fix this,2
2022-01-11,cant even download a thing,i tried to download a single film (of course i had my subscription and a lot of storage spaces) but it keeps failing. dont even bother to subscribe,1
2020-10-06,Sub english,Please add more sub english to series and movie,4
2022-11-27,OTP was sent vid WhatsApp,Iâ€™ve tried to log in to my account so many times but the OTP was sent via WhatsApp using suspicious phone number. I never received OTP through SMS and via call. Is there some issue with this app? Please fix this.,3
2020-09-27,Casting,Canâ€™t cast to Apple TV or Chromecast. Please update!!,1
2020-09-05,Disappointed,"Already subscribed and pay for 1 year, really disappointed 

Canâ€™t watch at Apple TV and Sony Bravia smart TV

I subscribed Apple TV, HBO, Netflix and Amazon but never have this issue

Really disappointed Disney, shame on You Bob Chapek",1
2020-10-14,Movie keeps buffering,Please fix this. It keeps buffering while the problem is definitely not on the internet.,5
2020-11-18,Sangat terganggu,"Bisa gk Kalo mau pasang ads di YT gk usah pake film horor.. terganggu banget tauk kalo nonton YT tengah malam tiba2 muncul ads film SETAN. 
AUTO UNINSTALL !!",1
2022-10-21,Naja,Jlk jalal am,1
2022-11-27,Movie number,Collection of movie number too view than netflix disney requested to add movie number to improve and to take interest costumers to subscribe disney otherwise costumers will left.,2
2020-12-05,Good but not great,"Moreee affordable than Netflix, and have good liblary of films. But please make iOS swipe gesture  nav bar disappear when viewing video full screen",3
2020-09-19,AppleTV app please,AppleTV app please,3
2020-12-17,"NEEDS MORE IMPROVEMENT, SEASONS AND BETTER TRANSLATION","hdeh cape bgt sebenernya td udah nulis panjang lebar bgt tapi keapus karena kepencet cancel jadi harus nulis ulang ğŸ™ƒğŸ™ƒ

1. NEEDS MORE IMPROVEMENT
gatau ini terjadi ke gue aja apa gmn, but this is really irritating. setiap kali gue mau nonton tv shows thumbnail/isi konten (episodenya) itu berceceran. so like contoh nih, mau nonton episode 3, tapi thumbnailnya itu dari episode 7, jadinya ga sesuai gituloh.
kalo ga gitu pasti episodenya yg berceceran, contoh : gue mau nonton episode 4. thumbnailnya bener, tapi isi kontennya (episodenya) itu dari episode 6. and itâ€™s really irritating sometimes karna kalo mau nonton ulang episodenya jadi bingung yg mana soalnya judul sama isi kontennya beda n berhamburan.

2. NEED MORE SEASONS AND EPISODES.
banyak tv show yg seasonnya belom lengkap. contohnya acara tv K.C UNDERCOVER, GIRL MEETS WORLD, JESSIE, dan A LOTTTTTTT more. k.c undercover originally had 3 seasons, tp di disney+ hotstar baru ada 1 season. so does jessie, gmw and other series. i know mungkin ini karna disney+ hotstar masih agak baru but i hope u guys can make it faster! ğŸ¤ğŸ’—

3. NEED A BETTER TRANSLATION / TRANSLATOR.
tbh i think this is also VERYY irritating. banyak kata2 yg salah di terjemahin. dan takutnya malah orang2 yg kurang ngerti bahasa inggris malah bingung soalnya yg diterjemahin sama yg diomongin n alur ceritanya jAuh buAngEttt. and thatâ€™s not really cool:/ once ada episode di tv show â€œJESSIEâ€ dari s1 yg bener2 ngaco translationnya, and of course this does not apply to every words but still is a bit of a problem.

well after all i still love disney+ hotstar, but i think it just need some improvements and more episodes! but i think itâ€™s fine since ini juga belom lama banget dirilis apknya. so yeahh i think thatâ€™s all for today! much love and goodluck! ğŸ’—ğŸ’—",3
2020-10-09,Warning,Be very carefull with this app. It's an xxx-- rated app,1
2020-09-11,Masih kurang,Server login indonesia hanya bisa pakai nomor lokal (ga bisa pakai akun email/fb) terus ga bisa disambungin ke Smart TV,3
2022-04-03,JELEK SEKALI,"setiap kali habis subscribe gak bisa dibuka, error terus
iOS 15.4.1",1
2020-09-13,Days to watch,Please add â€œdays to watchâ€ on the movies that already been downloaded.,5
2020-09-04,MANTUL,Dari dulu dulu kek muncul :v,5
2022-03-08,Mengcapek!,Gambar pecah2 mulu udah kaya kaki ğŸ˜‚ tiap pas gambar mulus langsung buffering ngulang lg pecah2 lg dah lah cukup sekali gue langganan. Besok2 no way. Netflix terbaik! Bye,2
2022-05-29,Download issue,"idk on system theres a download progress but on app it never reach 5% when  downloading and the result download always failed,pls fix  ( ios 15.5 )",3
2020-10-02,No TVOS app,No TvOS app until now.,1
2020-09-09,airplay icon is not available for Indonesia,"having had several attempts to cast the film to my airplay tv, which only gave me sound only no pictures, I searched the internet and the information given was to airplay from the my iPhone through tapping airplay icon which is supposed to be in the top right hand corner. I run again the app and could not find the above mentioned airplay icon. can you check again please, the version. thank you.",1
2020-12-02,Canâ€™t Play,"Canâ€™t be played using HDMI cable from IPhone, 1 Star for now",1
2022-05-12,buffering,"buffering melulu, padahal sinyal bagus",1
2020-09-05,Cast,No option to connect to chromecast,5
2022-08-18,sangat susah login,"Susah Login, kode OTP tidak masuk masuk",1
2020-09-06,No Chromecast and smartTV (webOS) features,"Tidak bisa menggunakan chromecast dan smartTV, untung cuman ambil langganan sebulan doang..",1
